[{"model": "sessions.session", "pk": "uofya57c26q69btbp4b5g0uzxlimeldu", "fields": {"session_data": "MzI2ZjYwZjcyM2E1MzdiYWYyMjFiOGJjYTMyOTY0YTBhZmQ0MzJhNTp7Il9hdXRoX3VzZXJfaWQiOiIxIiwiX2F1dGhfdXNlcl9iYWNrZW5kIjoiZGphbmdvLmNvbnRyaWIuYXV0aC5iYWNrZW5kcy5Nb2RlbEJhY2tlbmQiLCJfYXV0aF91c2VyX2hhc2giOiJmYjk4MDIwZWFiODU2MGYyNzQ3NjgyYTFjZWIwYjZjZWZlYjFkZmI2In0=", "expire_date": "2019-03-25T20:37:01.275Z"}}, {"model": "app.customuser", "pk": 1, "fields": {"password": "pbkdf2_sha256$120000$Ax4GciS6aPEK$d6cWitkd2UxpDQTzkfivD3TrrYrkbR5fRylaP35Ccfo=", "last_login": "2019-03-21T15:09:31.284Z", "is_superuser": true, "is_staff": true, "is_active": true, "date_joined": "2019-03-05T16:38:47Z", "email": "brendan@email.com", "first_name": "Brendan", "last_name": "McCray", "groups": [], "user_permissions": []}}, {"model": "app.customuser", "pk": 2, "fields": {"password": "pbkdf2_sha256$120000$uKjjDi5MmMOt$Y4R7YKe+6NbIK0wna4CW0X6vJrJVs4i2htAxt7pscK0=", "last_login": "2019-03-21T15:05:10.165Z", "is_superuser": false, "is_staff": false, "is_active": true, "date_joined": "2019-03-05T17:23:00.822Z", "email": "dave@email.com", "first_name": "Dave", "last_name": "Johnson", "groups": [], "user_permissions": []}}, {"model": "app.customuser", "pk": 4, "fields": {"password": "pbkdf2_sha256$120000$Ax4GciS6aPEK$d6cWitkd2UxpDQTzkfivD3TrrYrkbR5fRylaP35Ccfo=", "last_login": "2019-03-21T14:58:35.715Z", "is_superuser": false, "is_staff": true, "is_active": true, "date_joined": "2019-03-06T00:47:00.668Z", "email": "steve@email.com", "first_name": "Steve", "last_name": "Irwin", "groups": [], "user_permissions": []}}, {"model": "app.customuser", "pk": 14, "fields": {"password": "pbkdf2_sha256$120000$Ax4GciS6aPEK$d6cWitkd2UxpDQTzkfivD3TrrYrkbR5fRylaP35Ccfo=", "last_login": "2019-03-21T15:08:01.580Z", "is_superuser": false, "is_staff": false, "is_active": true, "date_joined": "2019-03-06T15:42:43.518Z", "email": "sarah@email.com", "first_name": "Sarah", "last_name": "Smith", "groups": [], "user_permissions": []}}, {"model": "app.volunteer", "pk": 1, "fields": {"user": 1, "street_address": "201 8th Ave S", "city": "Nashville", "state": "TN", "zipcode": "37203", "phone_number": 6151234560, "delete_date": null}}, {"model": "app.volunteer", "pk": 2, "fields": {"user": 2, "street_address": "222 Elm Street", "city": "Lexington", "state": "KY", "zipcode": "40509", "phone_number": 1234567890, "delete_date": null}}, {"model": "app.volunteer", "pk": 4, "fields": {"user": 4, "street_address": "456 Aussie Lane", "city": "Nashville", "state": "TN", "zipcode": "37205", "phone_number": 8659387212, "delete_date": null}}, {"model": "app.volunteer", "pk": 9, "fields": {"user": 14, "street_address": "56 Oak Hill Road", "city": "Nashville", "state": "TN", "zipcode": "37203", "phone_number": 6156048549, "delete_date": null}}, {"model": "app.species", "pk": 1, "fields": {"species": "bird"}}, {"model": "app.species", "pk": 2, "fields": {"species": "cat"}}, {"model": "app.species", "pk": 3, "fields": {"species": "dog"}}, {"model": "app.species", "pk": 4, "fields": {"species": "fish"}}, {"model": "app.species", "pk": 5, "fields": {"species": "guinea pig"}}, {"model": "app.species", "pk": 6, "fields": {"species": "lizard"}}, {"model": "app.species", "pk": 7, "fields": {"species": "other"}}, {"model": "app.species", "pk": 8, "fields": {"species": "pig"}}, {"model": "app.species", "pk": 9, "fields": {"species": "rabbit"}}, {"model": "app.breed", "pk": 1, "fields": {"breed": "n/a"}}, {"model": "app.breed", "pk": 2, "fields": {"breed": "unknown"}}, {"model": "app.breed", "pk": 3, "fields": {"breed": "other"}}, {"model": "app.breed", "pk": 4, "fields": {"breed": "mix"}}, {"model": "app.breed", "pk": 5, "fields": {"breed": "abyssinian"}}, {"model": "app.breed", "pk": 6, "fields": {"breed": "bengal"}}, {"model": "app.breed", "pk": 7, "fields": {"breed": "bobtail"}}, {"model": "app.breed", "pk": 8, "fields": {"breed": "domestic shorthair"}}, {"model": "app.breed", "pk": 9, "fields": {"breed": "domestic longhair"}}, {"model": "app.breed", "pk": 10, "fields": {"breed": "himalayan"}}, {"model": "app.breed", "pk": 11, "fields": {"breed": "munchkin"}}, {"model": "app.breed", "pk": 12, "fields": {"breed": "ragdoll"}}, {"model": "app.breed", "pk": 13, "fields": {"breed": "russian blue"}}, {"model": "app.breed", "pk": 14, "fields": {"breed": "siamese"}}, {"model": "app.breed", "pk": 15, "fields": {"breed": "sphynx"}}, {"model": "app.breed", "pk": 16, "fields": {"breed": "airedale"}}, {"model": "app.breed", "pk": 17, "fields": {"breed": "basset hound"}}, {"model": "app.breed", "pk": 18, "fields": {"breed": "boston terrier"}}, {"model": "app.breed", "pk": 19, "fields": {"breed": "cocker spaniel"}}, {"model": "app.breed", "pk": 20, "fields": {"breed": "dachshund"}}, {"model": "app.breed", "pk": 21, "fields": {"breed": "golden"}}, {"model": "app.breed", "pk": 22, "fields": {"breed": "lab"}}, {"model": "app.breed", "pk": 23, "fields": {"breed": "labradoodle"}}, {"model": "app.breed", "pk": 24, "fields": {"breed": "mini-schnauzer"}}, {"model": "app.breed", "pk": 25, "fields": {"breed": "mutt"}}, {"model": "app.breed", "pk": 26, "fields": {"breed": "schnoodle"}}, {"model": "app.breed", "pk": 27, "fields": {"breed": "terrier"}}, {"model": "app.breed", "pk": 28, "fields": {"breed": "micro"}}, {"model": "app.color", "pk": 1, "fields": {"color": "mix"}}, {"model": "app.color", "pk": 2, "fields": {"color": "multi"}}, {"model": "app.color", "pk": 3, "fields": {"color": "black"}}, {"model": "app.color", "pk": 4, "fields": {"color": "black/white"}}, {"model": "app.color", "pk": 5, "fields": {"color": "brown"}}, {"model": "app.color", "pk": 6, "fields": {"color": "calico"}}, {"model": "app.color", "pk": 7, "fields": {"color": "chocolate"}}, {"model": "app.color", "pk": 8, "fields": {"color": "gold"}}, {"model": "app.color", "pk": 9, "fields": {"color": "gray"}}, {"model": "app.color", "pk": 10, "fields": {"color": "gray/white"}}, {"model": "app.color", "pk": 11, "fields": {"color": "orange"}}, {"model": "app.color", "pk": 12, "fields": {"color": "red"}}, {"model": "app.color", "pk": 13, "fields": {"color": "tabby"}}, {"model": "app.color", "pk": 14, "fields": {"color": "torti"}}, {"model": "app.color", "pk": 15, "fields": {"color": "white"}}, {"model": "app.animal", "pk": 18, "fields": {"name": "Kiwi", "age": "2010-09-18", "species": 2, "breed": 8, "color": 10, "sex": "F", "image": "media/kiwi_close.jpg", "description": "Kiwi is a sweet cat that loves people. She will greet you at the door when you get home, sleep on your lap while you sit on the couch, and follow you from room to room to keep you company. She has beautiful green eyes and short, little legs. She's not a munchkin, but she has a low center of gravity!", "arrival_date": "2019-03-09T00:00:00Z", "date_adopted": null, "staff": 1}}, {"model": "app.animal", "pk": 19, "fields": {"name": "Daisy", "age": "2004-02-11", "species": 3, "breed": 22, "color": 8, "sex": "F", "image": "media/Daisy_-_Richard.jpg", "description": "Daisy is a sweet old dog that is forever loyal. She's a people person. She'll follow you around and rest her head on your lap. She still has a playful spirit and will do her best to fetch or wrestle.", "arrival_date": "2019-03-20T00:00:00Z", "date_adopted": null, "staff": 1}}, {"model": "app.animal", "pk": 20, "fields": {"name": "Burnt Toast (BT)", "age": "2018-06-01", "species": 2, "breed": 8, "color": 14, "sex": "F", "image": "media/BT_-_Lesley.jpg", "description": "Burnt Toast has a fiery personality. She's feisty and loves to chase anything you throw her direction. She was previously an indoor-outdoor cat, and her foster parent says she loves to sleep on the roof! Better keep your eye on her.", "arrival_date": "2019-03-20T00:00:00Z", "date_adopted": null, "staff": 1}}, {"model": "app.animal", "pk": 21, "fields": {"name": "Dede", "age": "2009-02-01", "species": 3, "breed": 26, "color": 15, "sex": "F", "image": "media/Dede_-_Robby.jpg", "description": "Dede is a hilarious dog that looks and acts just like her foster parent! She is a great audience for aspiring musicians. She will lie down in front of you as you play guitar, and she might even give you a bark or two when you hit those high notes!", "arrival_date": "2019-03-19T00:00:00Z", "date_adopted": null, "staff": 1}}, {"model": "app.animal", "pk": 22, "fields": {"name": "Luna", "age": "2017-02-01", "species": 3, "breed": 20, "color": 4, "sex": "F", "image": "media/Luna_-_Daniel.jpg", "description": "Luna is a sweet dog that is always by your side. She loves to snuggle with her stuffed animals, and she is great with kids. Her foster parent describes her as a rambunctious rascal.", "arrival_date": "2019-03-20T00:00:00Z", "date_adopted": null, "staff": 1}}, {"model": "app.animal", "pk": 23, "fields": {"name": "Maci", "age": "2014-03-17", "species": 3, "breed": 19, "color": 5, "sex": "F", "image": "media/Maci_-_Kelly.jpg", "description": "Maci is a sweet little girl who has been spoiled. Don't expect her to use her doggy bed. She'll end up taking up most of the room on a king-size bed, even though she's so little! She's wearing a cone of shame right now because she just had surgery on her leg, but it doesn't stop her from being the princess that she is!", "arrival_date": "2019-03-21T00:00:00Z", "date_adopted": null, "staff": 1}}, {"model": "app.animal", "pk": 24, "fields": {"name": "Mochi", "age": "2013-01-16", "species": 3, "breed": 4, "color": 1, "sex": "F", "image": "media/Mochi_-_Sebastian.jpg", "description": "Mochi is a unique dog. She's a combination of an estimated 24 breeds (and that's no dog #$%@)! She's got a unique bark, too. It's as deep as Kevin Michael Richardson's voice (bass - no pun intended). You'll love her, we guarantee it.", "arrival_date": "2019-03-21T00:00:00Z", "date_adopted": null, "staff": 1}}, {"model": "app.animal", "pk": 25, "fields": {"name": "Wally", "age": "2010-01-29", "species": 3, "breed": 18, "color": 4, "sex": "M", "image": "media/Wally_-_Jessica.jpg", "description": "Where's Wally? He's probably right inside the door as you're getting home because he's that excited to see you. Named after Wally from the Dilbert comic strip, he's a great partner for a programmer. If you give him some treats, he might give you some advice. Like this bit here: 'Failure is the raw material of success. If I am not failing, it means I am not pushing myself hard enough.'", "arrival_date": "2019-03-20T00:00:00Z", "date_adopted": null, "staff": 1}}, {"model": "app.animal", "pk": 26, "fields": {"name": "Zelda", "age": "2017-11-22", "species": 2, "breed": 8, "color": 14, "sex": "F", "image": "media/Zelda_-_Nolan.jpg", "description": "It's dangerous to go alone! Wait... this cat wasn't named after that Zelda! She was named after Zelda Harris, the American actress. She's a sweet girl who can definitely put on an act when she wants food!", "arrival_date": "2019-03-21T00:00:00Z", "date_adopted": null, "staff": 1}}, {"model": "app.animal", "pk": 27, "fields": {"name": "Zoli", "age": "2012-07-25", "species": 3, "breed": 24, "color": 5, "sex": "M", "image": "media/Zoli_-_Kimmy.jpg", "description": "Zoli is definitely a character. He wasn't named after Fazoli's, but he's been known to sneak some pasta and meatballs off of the floor during dinner time. Zoli loves visitors, so stop on by and give him some attention!", "arrival_date": "2019-03-21T00:00:00Z", "date_adopted": null, "staff": 1}}, {"model": "app.animal", "pk": 28, "fields": {"name": "Kiwi", "age": "2019-02-01", "species": 2, "breed": 8, "color": 10, "sex": "F", "image": "media/kiwi_blanket.jpg", "description": "A sweet cat who's already been adopted.", "arrival_date": "2019-03-21T00:00:00Z", "date_adopted": "2019-03-21T03:27:57.639Z", "staff": 1}}, {"model": "app.animal", "pk": 29, "fields": {"name": "Kiwi on her tree", "age": "2019-01-02", "species": 2, "breed": 8, "color": 10, "sex": "F", "image": "media/kiwi_tree.jpg", "description": "A sweet cat who's also been adopted already.", "arrival_date": "2019-03-21T00:00:00Z", "date_adopted": "2019-03-21T03:29:54.200Z", "staff": 1}}, {"model": "app.animal", "pk": 30, "fields": {"name": "Ultra-lazy Kiwi", "age": "2019-02-07", "species": 2, "breed": 8, "color": 10, "sex": "F", "image": "media/kiwi_ultra_lazy.JPG", "description": "A lazy cat who's been adopted.", "arrival_date": "2019-03-21T00:00:00Z", "date_adopted": "2019-03-21T03:43:02.239Z", "staff": 1}}, {"model": "app.animal", "pk": 31, "fields": {"name": "Chris P. Bacon", "age": "2018-10-25", "species": 8, "breed": 28, "color": 1, "sex": "M", "image": "media/pig.jpg", "description": "Adorable, extremely smart (wins at chess every time), and confident, there's nothing stopping Chris. He's house-trained and is also a big fan of Black Sabbath.", "arrival_date": "2019-03-18T00:00:00Z", "date_adopted": null, "staff": 1}}, {"model": "app.animal", "pk": 32, "fields": {"name": "Rex", "age": "1886-07-14", "species": 6, "breed": 3, "color": 5, "sex": "M", "image": "media/rex.jpg", "description": "He's old, but he's learning new, dino-mite tricks every day. If you ask him if he's able to do something, he always says the same thing: \"You bet Jurassican.\" He's ultra-competitive (definitely a saur loser). He loves to ride his bike (see photo). When his tail gets caught in the spokes, he's a mega-saur-ass about it. He also loves to get together with his friends and sing in a tyranno-chorus. At night, you can't escape his dino-snores.", "arrival_date": "2019-03-21T00:00:00Z", "date_adopted": null, "staff": 1}}, {"model": "app.application", "pk": 13, "fields": {"date_submitted": "2019-03-21T03:05:00.605Z", "text": "I'd love to adopt this cat. I have plenty of space back home to take care of an indoor-outdoor cat. I've got a barn that she can spend the night in, and she can join me out in the fields during the day.", "animal": 20, "user": 1, "staff": null, "approved": null, "reason": null}}, {"model": "app.application", "pk": 14, "fields": {"date_submitted": "2019-03-21T03:08:21.314Z", "text": "I can definitely find a place in my home for this sweet cat. I can also give her the outdoor time she wants (she can use the doggy door that I've already got installed)! I only have one dog, but my dog is small and has been around cats before. Please consider me for adoption!", "animal": 20, "user": 2, "staff": null, "approved": null, "reason": null}}, {"model": "app.application", "pk": 15, "fields": {"date_submitted": "2019-03-21T03:16:03.326Z", "text": "This is already my cat, so I might as well apply to adopt her.", "animal": 18, "user": 1, "staff": null, "approved": null, "reason": null}}, {"model": "app.application", "pk": 16, "fields": {"date_submitted": "2019-03-21T03:27:17.481Z", "text": "Here's my application.", "animal": 28, "user": 1, "staff": 1, "approved": true, "reason": null}}, {"model": "app.application", "pk": 17, "fields": {"date_submitted": "2019-03-21T03:29:35.474Z", "text": "Here's my application.", "animal": 29, "user": 1, "staff": 1, "approved": true, "reason": null}}, {"model": "app.application", "pk": 18, "fields": {"date_submitted": "2019-03-21T03:42:51.099Z", "text": "Here's my third application.", "animal": 30, "user": 1, "staff": 1, "approved": true, "reason": null}}, {"model": "app.application", "pk": 20, "fields": {"date_submitted": "2019-03-21T14:55:50.724Z", "text": "Are you kidding me, an actual dinosaur? That's amazing.", "animal": 32, "user": 14, "staff": null, "approved": null, "reason": null}}, {"model": "app.application", "pk": 21, "fields": {"date_submitted": "2019-03-21T14:57:35.083Z", "text": "I'd love to adopt this cat. I don't have any other pets or kids currently, and I've got plenty of space. I work part-time, so I'll be able to give her lots of attention. I'm happy to stop by any time to discuss this application!", "animal": 20, "user": 14, "staff": null, "approved": null, "reason": null}}, {"model": "app.application", "pk": 22, "fields": {"date_submitted": "2019-03-21T15:02:20.116Z", "text": "Crikey, mate. This little bugger would love the outback! Don't look any further, you've found her match.", "animal": 20, "user": 4, "staff": null, "approved": null, "reason": null}}, {"model": "app.application", "pk": 23, "fields": {"date_submitted": "2019-03-21T15:03:41.826Z", "text": "Rex looks like quite a monster. If he likes to wrestle, then I'm your guy. I've taken on bigger, badder lizards in my time.", "animal": 32, "user": 4, "staff": null, "approved": null, "reason": null}}, {"model": "app.application", "pk": 24, "fields": {"date_submitted": "2019-03-21T15:04:48.369Z", "text": "Kiwi? That's a bird, not a cat! Either way, this cat's a mad cute lass. I'm sure she'd be happy as an office cat at my zoo.", "animal": 18, "user": 4, "staff": null, "approved": null, "reason": null}}, {"model": "app.application", "pk": 25, "fields": {"date_submitted": "2019-03-21T15:06:01.112Z", "text": "What a pretty cat! I have another cat at home that could really use another senior friend. Please consider me for adoption. I'd love to bring my cat by to introduce them to each other!", "animal": 18, "user": 2, "staff": null, "approved": null, "reason": null}}, {"model": "app.application", "pk": 26, "fields": {"date_submitted": "2019-03-21T15:09:20.983Z", "text": "I'd love to adopt this sweet girl. I'm not a crazy cat lady, but I have seven other cats that are always looking for more friends. They're all indoor cats, but they've got plenty of space to play.", "animal": 18, "user": 14, "staff": null, "approved": null, "reason": null}}, {"model": "app.activity", "pk": 1, "fields": {"activity": "Grand Opening", "description": "We need a group of volunteers to help us set up outdoor kennels and also serve food during our grand opening!", "date": "2019-03-23", "start_time": "11:30:00", "end_time": "14:30:00", "staff": 1, "max_attendance": 10, "activity_type": "general", "cancelled": null}}, {"model": "app.activity", "pk": 2, "fields": {"activity": "Caturday", "description": "This weekend, we are upgrading our indoor cat area! We need a group of people to help build PVC pipe structures and mount wooden platforms on the walls. This activity does require some light lifting and stamina. Lunch is provided!", "date": "2019-03-30", "start_time": "10:00:00", "end_time": "14:00:00", "staff": 1, "max_attendance": 2, "activity_type": "cats", "cancelled": null}}, {"model": "app.activity", "pk": 3, "fields": {"activity": "Hot Dog Cookout", "description": "We're looking for a handful of individuals to help grill hot dogs and burgers this Wednesday evening for our monthly hot dog cookout. You'll get extra exposure to the dogs we have here, and you'll be helping place more of them in forever homes!", "date": "2019-03-27", "start_time": "17:30:00", "end_time": "19:30:00", "staff": 1, "max_attendance": 8, "activity_type": "dogs", "cancelled": null}}, {"model": "app.activity", "pk": 4, "fields": {"activity": "Gotta Adopt 'em All", "description": "All of our animals will have an adoption fee of $0 this weekend, and we need volunteers to help us greet and communicate with visitors to the shelter. We will offer breakfast and a training for one hour before the event.", "date": "2019-04-06", "start_time": "08:00:00", "end_time": "15:00:00", "staff": 1, "max_attendance": 6, "activity_type": "multi", "cancelled": null}}, {"model": "app.activity", "pk": 5, "fields": {"activity": "Guinea Pig Pen Upgrades", "description": "We're upgrading our guinea pig enclosures to hold another 40 guinea pigs! We need a few volunteers to help us install some wood panels and trim. We'll supply the tools and snacks, too!", "date": "2019-03-29", "start_time": "18:00:00", "end_time": "20:00:00", "staff": 1, "max_attendance": 7, "activity_type": "other", "cancelled": null}}, {"model": "app.activity", "pk": 6, "fields": {"activity": "Dogs' Day Out", "description": "We would like a group of dog walkers to help us walk all of our dogs this Thursday!", "date": "2019-03-28", "start_time": "14:00:00", "end_time": "15:00:00", "staff": 1, "max_attendance": 10, "activity_type": "dogs", "cancelled": null}}, {"model": "app.activityvolunteer", "pk": 8, "fields": {"volunteer": 2, "activity": 1}}, {"model": "app.activityvolunteer", "pk": 49, "fields": {"volunteer": 2, "activity": 2}}, {"model": "app.activityvolunteer", "pk": 63, "fields": {"volunteer": 2, "activity": 5}}, {"model": "app.activityvolunteer", "pk": 86, "fields": {"volunteer": 1, "activity": 1}}, {"model": "admin.logentry", "pk": 1, "fields": {"action_time": "2019-03-05T16:47:40.981Z", "user": 1, "content_type": 12, "object_id": "1", "object_repr": "User: myemail@email.com Street Address:201 8th Ave S Phone: 6151234560", "action_flag": 1, "change_message": "[{\"added\": {}}]"}}, {"model": "admin.logentry", "pk": 2, "fields": {"action_time": "2019-03-05T16:49:36.276Z", "user": 1, "content_type": 6, "object_id": "1", "object_repr": "myemail@email.com", "action_flag": 2, "change_message": "[{\"changed\": {\"fields\": [\"first_name\", \"last_name\"]}}]"}}]